Workbook

Sheet Dashboard
A1: Inventory Analytics Dashboard
A2: Project portfolio sample for a Data & AI internship
A4: Total SKUs | C4: Inventory Value | E4: Items to Reorder | G4: Avg Days of Stock
A5: =COUNTA(Raw_Data!A:A)-1 | C5: =SUM(Raw_Data!J:J) | E5: =COUNTIF(Raw_Data!K:K,"REORDER") | G5: =AVERAGE(Raw_Data!L:L)
A8: Top Reorder Candidates
A9: SKU | B9: Item Name | C9: Qty On Hand | D9: Reorder Point | E9: Monthly Usage
A10: SKU-1005 | B10: Controller Item 5 | C10: 9 | D10: 63 | E10: 16
A11: SKU-1033 | B11: Networking Item 33 | C11: 16 | D11: 70 | E11: 27
A12: SKU-1010 | B12: Cable Item 10 | C12: 28 | D12: 69 | E12: 20
A13: SKU-1052 | B13: Power Supplie Item 52 | C13: 26 | D13: 49 | E13: 19
A14: SKU-1021 | B14: Power Supplie Item 21 | C14: 37 | D14: 58 | E14: 40

Sheet Raw_Data
A1: SKU | B1: Item Name | C1: Category | D1: Supplier | E1: Unit Cost | F1: Quantity On Hand | G1: Reorder Point | H1: Monthly Usage | I1: Lead Time (Days) | J1: Inventory Value | K1: Reorder Flag | L1: Est. Days of Stock
A2: SKU-1001 | B2: Networking Item 1 | C2: Networking | D2: NovaTech | E2: 8.4 | F2: 78 | G2: 30 | H2: 20 | I2: 7 | J2: =E2*F2 | K2: =IF(F2<=G2,"REORDER","OK") | L2: =ROUND(F2/MAX(H2,1)*30,0)
A3: SKU-1002 | B3: Networking Item 2 | C3: Networking | D3: NovaTech | E3: 123.1 | F3: 147 | G3: 20 | H3: 43 | I3: 16 | J3: =E3*F3 | K3: =IF(F3<=G3,"REORDER","OK") | L3: =ROUND(F3/MAX(H3,1)*30,0)
A4: SKU-1003 | B4: Cable Item 3 | C4: Cables | D4: NovaTech | E4: 20.49 | F4: 67 | G4: 47 | H4: 44 | I4: 3 | J4: =E4*F4 | K4: =IF(F4<=G4,"REORDER","OK") | L4: =ROUND(F4/MAX(H4,1)*30,0)
A5: SKU-1004 | B5: Power Supplie Item 4 | C5: Power Supplies | D5: Blue Ridge Parts | E5: 130.02 | F5: 187 | G5: 49 | H5: 32 | I5: 10 | J5: =E5*F5 | K5: =IF(F5<=G5,"REORDER","OK") | L5: =ROUND(F5/MAX(H5,1)*30,0)
A6: SKU-1005 | B6: Controller Item 5 | C6: Controllers | D6: Peak Systems | E6: 52.96 | F6: 9 | G6: 63 | H6: 16 | I6: 16 | J6: =E6*F6 | K6: =IF(F6<=G6,"REORDER","OK") | L6: =ROUND(F6/MAX(H6,1)*30,0)
A7: SKU-1006 | B7: Sensor Item 6 | C7: Sensors | D7: DataCore Supply | E7: 31.36 | F7: 203 | G7: 36 | H7: 12 | I7: 5 | J7: =E7*F7 | K7: =IF(F7<=G7,"REORDER","OK") | L7: =ROUND(F7/MAX(H7,1)*30,0)
A8: SKU-1007 | B8: Controller Item 7 | C8: Controllers | D8: NovaTech | E8: 67.18 | F8: 96 | G8: 53 | H8: 22 | I8: 4 | J8: =E8*F8 | K8: =IF(F8<=G8,"REORDER","OK") | L8: =ROUND(F8/MAX(H8,1)*30,0)
A9: SKU-1008 | B9: Networking Item 8 | C9: Networking | D9: Omni Industrial | E9: 98.38 | F9: 104 | G9: 20 | H9: 41 | I9: 12 | J9: =E9*F9 | K9: =IF(F9<=G9,"REORDER","OK") | L9: =ROUND(F9/MAX(H9,1)*30,0)
A10: SKU-1009 | B10: Networking Item 9 | C10: Networking | D10: Peak Systems | E10: 159.84 | F10: 100 | G10: 51 | H10: 18 | I10: 5 | J10: =E10*F10 | K10: =IF(F10<=G10,"REORDER","OK") | L10: =ROUND(F10/MAX(H10,1)*30,0)
A11: SKU-1010 | B11: Cable Item 10 | C11: Cables | D11: Blue Ridge Parts | E11: 140.06 | F11: 28 | G11: 69 | H11: 20 | I11: 6 | J11: =E11*F11 | K11: =IF(F11<=G11,"REORDER","OK") | L11: =ROUND(F11/MAX(H11,1)*30,0)
A12: SKU-1011 | B12: Controller Item 11 | C12: Controllers | D12: DataCore Supply | E12: 83.8 | F12: 101 | G12: 25 | H12: 29 | I12: 14 | J12: =E12*F12 | K12: =IF(F12<=G12,"REORDER","OK") | L12: =ROUND(F12/MAX(H12,1)*30,0)
A13: SKU-1012 | B13: Switche Item 12 | C13: Switches | D13: DataCore Supply | E13: 127.52 | F13: 182 | G13: 56 | H13: 10 | I13: 8 | J13: =E13*F13 | K13: =IF(F13<=G13,"REORDER","OK") | L13: =ROUND(F13/MAX(H13,1)*30,0)
... A61: SKU-1060 | B61: Switche Item 60 | C61: Switches | D61: Omni Industrial | E61: 101.1 | F61: 117 | G61: 50 | H61: 6 | I61: 6 | J61: =E61*F61 | K61: =IF(F61<=G61,"REORDER","OK") | L61: =ROUND(F61/MAX(H61,1)*30,0)

Sheet Category_Summary
A1: Category | B1: Total Inventory Value | C1: Avg. Days of Stock | D1: Reorder Items
A2: Cables | B2: =SUMIF(Raw_Data!C:C,A2,Raw_Data!J:J) | C2: =AVERAGEIF(Raw_Data!C:C,A2,Raw_Data!L:L) | D2: =COUNTIFS(Raw_Data!C:C,A2,Raw_Data!K:K,"REORDER")
A3: Switches | B3: =SUMIF(Raw_Data!C:C,A3,Raw_Data!J:J) | C3: =AVERAGEIF(Raw_Data!C:C,A3,Raw_Data!L:L) | D3: =COUNTIFS(Raw_Data!C:C,A3,Raw_Data!K:K,"REORDER")
A4: Sensors | B4: =SUMIF(Raw_Data!C:C,A4,Raw_Data!J:J) | C4: =AVERAGEIF(Raw_Data!C:C,A4,Raw_Data!L:L) | D4: =COUNTIFS(Raw_Data!C:C,A4,Raw_Data!K:K,"REORDER")
A5: Controllers | B5: =SUMIF(Raw_Data!C:C,A5,Raw_Data!J:J) | C5: =AVERAGEIF(Raw_Data!C:C,A5,Raw_Data!L:L) | D5: =COUNTIFS(Raw_Data!C:C,A5,Raw_Data!K:K,"REORDER")
A6: Power Supplies | B6: =SUMIF(Raw_Data!C:C,A6,Raw_Data!J:J) | C6: =AVERAGEIF(Raw_Data!C:C,A6,Raw_Data!L:L) | D6: =COUNTIFS(Raw_Data!C:C,A6,Raw_Data!K:K,"REORDER")
A7: Networking | B7: =SUMIF(Raw_Data!C:C,A7,Raw_Data!J:J) | C7: =AVERAGEIF(Raw_Data!C:C,A7,Raw_Data!L:L) | D7: =COUNTIFS(Raw_Data!C:C,A7,Raw_Data!K:K,"REORDER")
